SourceFile,ExifTool:ExifToolVersion,File:FileName,File:Directory,File:FileSize,File:FileModifyDate,File:FileAccessDate,File:FileCreateDate,File:FilePermissions,File:FileType,File:FileTypeExtension,File:MIMEType,File:ExifByteOrder,File:ImageWidth,File:ImageHeight,File:EncodingProcess,File:BitsPerSample,File:ColorComponents,File:YCbCrSubSampling,JFIF:JFIFVersion,JFIF:ResolutionUnit,JFIF:XResolution,JFIF:YResolution,EXIF:Make,EXIF:Model,EXIF:Orientation,EXIF:XResolution,EXIF:YResolution,EXIF:ResolutionUnit,EXIF:Software,EXIF:ModifyDate,EXIF:HostComputer,EXIF:YCbCrPositioning,EXIF:ExposureTime,EXIF:FNumber,EXIF:ExposureProgram,EXIF:ISO,EXIF:ExifVersion,EXIF:DateTimeOriginal,EXIF:CreateDate,EXIF:OffsetTime,EXIF:OffsetTimeOriginal,EXIF:OffsetTimeDigitized,EXIF:ComponentsConfiguration,EXIF:ShutterSpeedValue,EXIF:ApertureValue,EXIF:BrightnessValue,EXIF:ExposureCompensation,EXIF:MeteringMode,EXIF:Flash,EXIF:FocalLength,EXIF:SubjectArea,EXIF:SubSecTimeOriginal,EXIF:SubSecTimeDigitized,EXIF:FlashpixVersion,EXIF:ColorSpace,EXIF:ExifImageWidth,EXIF:ExifImageHeight,EXIF:SensingMethod,EXIF:SceneType,EXIF:ExposureMode,EXIF:WhiteBalance,EXIF:FocalLengthIn35mmFormat,EXIF:SceneCaptureType,EXIF:LensInfo,EXIF:LensMake,EXIF:LensModel,EXIF:CompositeImage,EXIF:Compression,EXIF:ThumbnailOffset,EXIF:ThumbnailLength,EXIF:ThumbnailImage,MakerNotes:MakerNoteVersion,MakerNotes:RunTimeFlags,MakerNotes:RunTimeValue,MakerNotes:RunTimeScale,MakerNotes:RunTimeEpoch,MakerNotes:AEStable,MakerNotes:AETarget,MakerNotes:AEAverage,MakerNotes:AFStable,MakerNotes:AccelerationVector,MakerNotes:FocusDistanceRange,MakerNotes:ImageCaptureType,MakerNotes:LivePhotoVideoIndex,MakerNotes:LuminanceNoiseAmplitude,MakerNotes:PhotosAppFeatureFlags,MakerNotes:HDRHeadroom,MakerNotes:AFPerformance,MakerNotes:SignalToNoiseRatio,MakerNotes:PhotoIdentifier,MakerNotes:ColorTemperature,MakerNotes:CameraType,MakerNotes:FocusPosition,MakerNotes:HDRGain,MakerNotes:SemanticStyle,XMP:XMPToolkit,XMP:CreateDate,XMP:CreatorTool,XMP:ModifyDate,XMP:RegionAreaY,XMP:RegionAreaW,XMP:RegionAreaX,XMP:RegionAreaH,XMP:RegionAreaUnit,XMP:RegionType,XMP:RegionExtensionsAngleInfoYaw,XMP:RegionExtensionsAngleInfoRoll,XMP:RegionExtensionsConfidenceLevel,XMP:RegionExtensionsFaceID,XMP:RegionExtensions,XMP:RegionAppliedToDimensionsH,XMP:RegionAppliedToDimensionsW,XMP:RegionAppliedToDimensionsUnit,XMP:DateCreated,MPF:MPFVersion,MPF:NumberOfImages,MPF:MPImageFlags,MPF:MPImageFormat,MPF:MPImageType,MPF:MPImageLength,MPF:MPImageStart,MPF:DependentImage1EntryNumber,MPF:DependentImage2EntryNumber,MPF:MPImage2,ICC_Profile:ProfileCMMType,ICC_Profile:ProfileVersion,ICC_Profile:ProfileClass,ICC_Profile:ColorSpaceData,ICC_Profile:ProfileConnectionSpace,ICC_Profile:ProfileDateTime,ICC_Profile:ProfileFileSignature,ICC_Profile:PrimaryPlatform,ICC_Profile:CMMFlags,ICC_Profile:DeviceManufacturer,ICC_Profile:DeviceModel,ICC_Profile:DeviceAttributes,ICC_Profile:RenderingIntent,ICC_Profile:ConnectionSpaceIlluminant,ICC_Profile:ProfileCreator,ICC_Profile:ProfileID,ICC_Profile:ProfileDescription,ICC_Profile:ProfileCopyright,ICC_Profile:MediaWhitePoint,ICC_Profile:RedMatrixColumn,ICC_Profile:GreenMatrixColumn,ICC_Profile:BlueMatrixColumn,ICC_Profile:RedTRC,ICC_Profile:ChromaticAdaptation,ICC_Profile:BlueTRC,ICC_Profile:GreenTRC,Composite:RunTimeSincePowerUp,Composite:Aperture,Composite:ImageSize,Composite:Megapixels,Composite:ScaleFactor35efl,Composite:ShutterSpeed,Composite:SubSecCreateDate,Composite:SubSecDateTimeOriginal,Composite:SubSecModifyDate,Composite:CircleOfConfusion,Composite:FOV,Composite:FocalLength35efl,Composite:HyperfocalDistance,Composite:LightValue,Composite:LensID
image_data/flickr_53650833507.jpg,12.85,flickr_53650833507.jpg,image_data,3540222,2024:04:13 23:42:10+02:00,2024:07:24 10:56:38+02:00,2024:07:24 10:56:38+02:00,100666,JPEG,JPG,image/jpeg,MM,4013,3010,0,8,3,2 2,None,None,None,None,None,None,None,None,None,None,None,None,None,None,None,None,None,None,None,None,None,None,None,None,None,None,None,None,None,None,None,None,None,None,None,None,None,None,None,None,None,None,None,None,None,None,None,None,None,None,None,None,None,None,None,None,None,None,None,None,None,None,None,None,None,None,None,None,None,None,None,None,None,None,None,None,None,None,None,None,None,None,None,None,None,None,None,None,None,None,None,None,None,None,None,None,None,None,None,None,None,None,None,None,None,None,appl,1024,mntr,RGB ,XYZ ,2022:01:01 00:00:00,acsp,APPL,0,APPL,,0 0,0,0.9642 1 0.82491,appl,236 253 163 142 56 133 71 195 109 180 189 79 122 218 24 47,Display P3,"Copyright Apple Inc., 2022",0.96419 1 0.82489,0.51512 0.2412 -0.00105,0.29198 0.69225 0.04189,0.1571 0.06657 0.78407,"(Binary data 32 bytes, use -b option to extract)",1.04788 0.02292 -0.0502 0.02959 0.99048 -0.01706 -0.00923 0.01508 0.75168,"(Binary data 32 bytes, use -b option to extract)","(Binary data 32 bytes, use -b option to extract)",None,None,4013 3010,12.07913,None,None,None,None,None,None,None,None,None,None,None
image_data/flickr_53650853310.jpg,12.85,flickr_53650853310.jpg,image_data,10089023,2024:04:13 08:53:02+02:00,2024:07:24 10:56:38+02:00,2024:07:24 10:56:38+02:00,100666,JPEG,JPG,image/jpeg,MM,7540,3864,0,8,3,2 2,None,None,None,None,Apple,iPhone 14 Pro,8,72,72,2,17.4.1,2024:04:12 16:34:11,None,1,0.01,1.78,None,2500,0232,2024:04:12 16:34:11,2024:04:12 16:34:11,+02:00,+02:00,+02:00,1 2 3 0,0.0100020000250734,1.78000000038041,-0.9288089011,0,5,0,6.86,None,722,722,0100,65535,7540,3864,2,1,None,0,24,0,6.860000134 6.860000134 1.779999971 1.779999971,Apple,iPhone 14 Pro back camera 6.86mm f/1.78,None,6,1214,9092,"(Binary data 9092 bytes, use -b option to extract)",None,None,None,None,None,None,None,None,None,None,None,None,None,None,None,None,None,None,None,None,None,None,None,None,None,None,None,None,None,None,None,None,None,None,None,None,None,None,None,None,None,None,None,None,None,None,None,None,None,None,None,None,None,appl,1024,mntr,RGB ,XYZ ,2022:01:01 00:00:00,acsp,APPL,0,APPL,,0 0,0,0.9642 1 0.82491,appl,236 253 163 142 56 133 71 195 109 180 189 79 122 218 24 47,Display P3,"Copyright Apple Inc., 2022",0.96419 1 0.82489,0.51512 0.2412 -0.00105,0.29198 0.69225 0.04189,0.1571 0.06657 0.78407,"(Binary data 32 bytes, use -b option to extract)",1.04788 0.02292 -0.0502 0.02959 0.99048 -0.01706 -0.00923 0.01508 0.75168,"(Binary data 32 bytes, use -b option to extract)","(Binary data 32 bytes, use -b option to extract)",None,1.78,7540 3864,29.13456,3.49854227405248,0.01,2024:04:12 16:34:11.722+02:00,2024:04:12 16:34:11.722+02:00,2024:04:12 16:34:11+02:00,0.00858822282975103,73.7398575770811,24,3.07839911145579,3.66375448238335,iPhone 14 Pro back camera 6.86mm f/1.78
image_data/flickr_53651412949.jpg,12.85,flickr_53651412949.jpg,image_data,6806604,2024:04:13 17:35:24+02:00,2024:07:24 10:56:38+02:00,2024:07:24 10:56:38+02:00,100666,JPEG,JPG,image/jpeg,None,6144,4358,0,8,3,2 2,None,None,None,None,None,None,None,None,None,None,None,None,None,None,None,None,None,None,None,None,None,None,None,None,None,None,None,None,None,None,None,None,None,None,None,None,None,None,None,None,None,None,None,None,None,None,None,None,None,None,None,None,None,None,None,None,None,None,None,None,None,None,None,None,None,None,None,None,None,None,None,None,None,None,None,None,None,None,None,None,None,None,None,None,None,None,None,None,None,None,None,None,None,None,None,None,None,None,None,None,None,None,None,None,None,None,None,None,None,None,None,None,None,None,None,None,None,None,None,None,None,None,None,None,None,None,None,None,None,None,None,None,None,None,6144 4358,26.775552,None,None,None,None,None,None,None,None,None,None,None
image_data/flickr_53651925670.jpg,12.85,flickr_53651925670.jpg,image_data,2978547,2024:04:13 21:26:35+02:00,2024:07:24 10:56:38+02:00,2024:07:24 10:56:38+02:00,100666,JPEG,JPG,image/jpeg,MM,3878,2716,0,8,3,1 1,None,None,None,None,None,None,None,None,None,None,None,None,None,None,None,None,None,None,None,None,None,None,None,None,None,None,None,None,None,None,None,None,None,None,None,None,None,None,None,None,None,None,None,None,None,None,None,None,None,None,None,None,None,None,None,None,None,None,None,None,None,None,None,None,None,None,None,None,None,None,None,None,None,None,None,None,None,None,None,None,None,None,None,None,None,None,None,None,None,None,None,None,None,None,None,None,None,None,None,None,None,None,None,None,None,None,appl,1024,mntr,RGB ,XYZ ,2022:01:01 00:00:00,acsp,APPL,0,APPL,,0 0,0,0.9642 1 0.82491,appl,236 253 163 142 56 133 71 195 109 180 189 79 122 218 24 47,Display P3,"Copyright Apple Inc., 2022",0.96419 1 0.82489,0.51512 0.2412 -0.00105,0.29198 0.69225 0.04189,0.1571 0.06657 0.78407,"(Binary data 32 bytes, use -b option to extract)",1.04788 0.02292 -0.0502 0.02959 0.99048 -0.01706 -0.00923 0.01508 0.75168,"(Binary data 32 bytes, use -b option to extract)","(Binary data 32 bytes, use -b option to extract)",None,None,3878 2716,10.532648,None,None,None,None,None,None,None,None,None,None,None
image_data/flickr_53652642120.jpg,12.85,flickr_53652642120.jpg,image_data,6167027,2024:04:14 05:01:51+02:00,2024:07:24 10:56:38+02:00,2024:07:24 10:56:38+02:00,100666,JPEG,JPG,image/jpeg,None,6144,3386,0,8,3,2 2,None,None,None,None,None,None,None,None,None,None,None,None,None,None,None,None,None,None,None,None,None,None,None,None,None,None,None,None,None,None,None,None,None,None,None,None,None,None,None,None,None,None,None,None,None,None,None,None,None,None,None,None,None,None,None,None,None,None,None,None,None,None,None,None,None,None,None,None,None,None,None,None,None,None,None,None,None,None,None,None,None,None,None,None,None,None,None,None,None,None,None,None,None,None,None,None,None,None,None,None,None,None,None,None,None,None,appl,1024,mntr,RGB ,XYZ ,2022:01:01 00:00:00,acsp,APPL,0,APPL,,0 0,0,0.9642 1 0.82491,appl,236 253 163 142 56 133 71 195 109 180 189 79 122 218 24 47,Display P3,"Copyright Apple Inc., 2022",0.96419 1 0.82489,0.51512 0.2412 -0.00105,0.29198 0.69225 0.04189,0.1571 0.06657 0.78407,"(Binary data 32 bytes, use -b option to extract)",1.04788 0.02292 -0.0502 0.02959 0.99048 -0.01706 -0.00923 0.01508 0.75168,"(Binary data 32 bytes, use -b option to extract)","(Binary data 32 bytes, use -b option to extract)",None,None,6144 3386,20.803584,None,None,None,None,None,None,None,None,None,None,None
image_data/flickr_53652642815.jpg,12.85,flickr_53652642815.jpg,image_data,4930653,2024:04:14 05:02:36+02:00,2024:07:24 10:56:38+02:00,2024:07:24 10:56:38+02:00,100666,JPEG,JPG,image/jpeg,None,6144,2826,0,8,3,2 2,None,None,None,None,None,None,None,None,None,None,None,None,None,None,None,None,None,None,None,None,None,None,None,None,None,None,None,None,None,None,None,None,None,None,None,None,None,None,None,None,None,None,None,None,None,None,None,None,None,None,None,None,None,None,None,None,None,None,None,None,None,None,None,None,None,None,None,None,None,None,None,None,None,None,None,None,None,None,None,None,None,None,None,None,None,None,None,None,None,None,None,None,None,None,None,None,None,None,None,None,None,None,None,None,None,None,appl,1024,mntr,RGB ,XYZ ,2022:01:01 00:00:00,acsp,APPL,0,APPL,,0 0,0,0.9642 1 0.82491,appl,236 253 163 142 56 133 71 195 109 180 189 79 122 218 24 47,Display P3,"Copyright Apple Inc., 2022",0.96419 1 0.82489,0.51512 0.2412 -0.00105,0.29198 0.69225 0.04189,0.1571 0.06657 0.78407,"(Binary data 32 bytes, use -b option to extract)",1.04788 0.02292 -0.0502 0.02959 0.99048 -0.01706 -0.00923 0.01508 0.75168,"(Binary data 32 bytes, use -b option to extract)","(Binary data 32 bytes, use -b option to extract)",None,None,6144 2826,17.362944,None,None,None,None,None,None,None,None,None,None,None
image_data/flickr_53653216792.jpg,12.85,flickr_53653216792.jpg,image_data,338808,2024:04:14 23:41:01+02:00,2024:07:24 10:56:38+02:00,2024:07:24 10:56:38+02:00,100666,JPEG,JPG,image/jpeg,None,984,1024,0,8,3,1 1,None,None,None,None,None,None,None,None,None,None,None,None,None,None,None,None,None,None,None,None,None,None,None,None,None,None,None,None,None,None,None,None,None,None,None,None,None,None,None,None,None,None,None,None,None,None,None,None,None,None,None,None,None,None,None,None,None,None,None,None,None,None,None,None,None,None,None,None,None,None,None,None,None,None,None,None,None,None,None,None,None,None,None,None,None,None,None,None,None,None,None,None,None,None,None,None,None,None,None,None,None,None,None,None,None,None,None,None,None,None,None,None,None,None,None,None,None,None,None,None,None,None,None,None,None,None,None,None,None,None,None,None,None,None,984 1024,1.007616,None,None,None,None,None,None,None,None,None,None,None
image_data/flickr_53653373934.jpg,12.85,flickr_53653373934.jpg,image_data,3074460,2024:04:14 15:40:37+02:00,2024:07:24 10:56:43+02:00,2024:07:24 10:56:38+02:00,100666,JPEG,JPG,image/jpeg,MM,4032,3024,0,8,3,2 2,1 1,1,300,300,Apple,iPhone 14 Pro,6,72,72,2,17.3.1,2024:04:12 11:51:50,iPhone 14 Pro,1,0.002873563218,2.8,2,32,0232,2024:04:12 11:51:50,2024:04:12 11:51:50,+02:00,+02:00,+02:00,1 2 3 0,0.00287400000172683,2.79999999966959,7.967235532,0,5,16,9,1982 1508 2315 1337,188,188,0100,65535,4032,3024,2,1,0,0,158,0,2.220000029 9 1.779999971 2.8,Apple,iPhone 14 Pro back triple camera 9mm f/2.8,2,6,3156,11474,"(Binary data 11474 bytes, use -b option to extract)",14,1,214521701645541,1000000000,0,1,175,170,1,0.003240097081 -0.9850097895 0.1480521262,2.12890625 2.296875,12,2152734724,None,0,1.248232008,1106 268435478,44.83207322,32C31359-5979-4D0A-A510-4F6F50CD054F,5203,1,64,0,"{_0=1,_1=0,_2=-0.5,_3=5}",None,None,None,None,None,None,None,None,None,None,None,None,None,None,None,None,None,None,None,0100,2,0,0,0,387029,2687431,0,0,"(Binary data 387029 bytes, use -b option to extract)",appl,1024,mntr,RGB ,XYZ ,2022:01:01 00:00:00,acsp,APPL,0,APPL,,0 0,0,0.9642 1 0.82491,appl,236 253 163 142 56 133 71 195 109 180 189 79 122 218 24 47,Display P3,"Copyright Apple Inc., 2022",0.96419 1 0.82489,0.51512 0.2412 -0.00105,0.29198 0.69225 0.04189,0.1571 0.06657 0.78407,"(Binary data 32 bytes, use -b option to extract)",1.04788 0.02292 -0.0502 0.02959 0.99048 -0.01706 -0.00923 0.01508 0.75168,"(Binary data 32 bytes, use -b option to extract)","(Binary data 32 bytes, use -b option to extract)",214521.701645541,2.8,4032 3024,12.192768,17.5555555555556,0.002873563218,2024:04:12 11:51:50.188+02:00,2024:04:12 11:51:50.188+02:00,2024:04:12 11:51:50+02:00,0.00171149585860632,12.9987035388443,158,16.9025074078345,13.0576533401601,iPhone 14 Pro back triple camera 9mm f/2.8
image_data/flickr_53653418092.jpg,12.85,flickr_53653418092.jpg,image_data,4057106,2024:04:15 01:31:36+02:00,2024:07:24 10:56:43+02:00,2024:07:24 10:56:38+02:00,100666,JPEG,JPG,image/jpeg,MM,2984,2317,0,8,3,1 1,1 1,0,72,72,Apple,iPhone 14 Pro Max,1,72,72,2,PSExpress-iOS (iOS),2024:04:14 19:29:57,None,None,0.01,2.8,2,40,0232,2024:04:14 18:30:11,2024:04:14 18:30:11,-04:00,-04:00,-04:00,None,0.0100000013500756,2.80000033348929,5.853149967,0,5,16,9,2010 1528 2308 1339,345,345,None,1,2984,2317,2,1,0,0,154,None,2.220000029 9 1.779999971 2.8,Apple,iPhone 14 Pro Max back triple camera 9mm f/2.8,None,None,None,None,None,None,None,None,None,None,None,None,None,None,None,None,None,None,None,None,None,None,None,None,None,None,None,None,None,XMP Core 6.0.0,2024:04:14 18:30:11-04:00,PSExpress-iOS (iOS),2024:04:14 19:29:57,None,None,None,None,None,None,None,None,None,None,None,None,None,None,2024:04:14 18:30:11-04:00,None,None,None,None,None,None,None,None,None,None,None,None,None,None,None,None,None,None,None,None,None,None,None,None,None,None,None,None,None,None,None,None,None,None,None,None,None,2.8,2984 2317,6.913928,17.1111111111111,0.01,2024:04:14 18:30:11.345-04:00,2024:04:14 18:30:11.345-04:00,2024:04:14 19:29:57-04:00,0.0017559502964922,13.3333310439857,154,16.4745958278893,10.9366379390026,iPhone 14 Pro Max back triple camera 9mm f/2.8
image_data/flickr_53653552927.jpg,12.85,flickr_53653552927.jpg,image_data,456851,2024:04:15 02:46:54+02:00,2024:07:24 10:56:43+02:00,2024:07:24 10:56:38+02:00,100666,JPEG,JPG,image/jpeg,MM,1080,1440,0,8,3,1 1,None,None,None,None,None,None,None,None,None,None,None,None,None,None,None,None,None,None,None,None,None,None,None,None,None,None,None,None,None,None,None,None,None,None,None,None,None,None,None,None,None,None,None,None,None,None,None,None,None,None,None,None,None,None,None,None,None,None,None,None,None,None,None,None,None,None,None,None,None,None,None,None,None,None,None,None,None,None,None,None,None,None,None,None,None,None,None,None,None,None,None,None,None,None,None,None,None,None,None,None,None,None,None,None,None,None,appl,1024,mntr,RGB ,XYZ ,2022:01:01 00:00:00,acsp,APPL,0,APPL,,0 0,0,0.9642 1 0.82491,appl,236 253 163 142 56 133 71 195 109 180 189 79 122 218 24 47,Display P3,"Copyright Apple Inc., 2022",0.96419 1 0.82489,0.51512 0.2412 -0.00105,0.29198 0.69225 0.04189,0.1571 0.06657 0.78407,"(Binary data 32 bytes, use -b option to extract)",1.04788 0.02292 -0.0502 0.02959 0.99048 -0.01706 -0.00923 0.01508 0.75168,"(Binary data 32 bytes, use -b option to extract)","(Binary data 32 bytes, use -b option to extract)",None,None,1080 1440,1.5552,None,None,None,None,None,None,None,None,None,None,None
image_data/flickr_53653809139.jpg,12.85,flickr_53653809139.jpg,image_data,6387236,2024:04:14 18:43:48+02:00,2024:07:24 10:56:43+02:00,2024:07:24 10:56:39+02:00,100666,JPEG,JPG,image/jpeg,None,6144,3116,0,8,3,2 2,None,None,None,None,None,None,None,None,None,None,None,None,None,None,None,None,None,None,None,None,None,None,None,None,None,None,None,None,None,None,None,None,None,None,None,None,None,None,None,None,None,None,None,None,None,None,None,None,None,None,None,None,None,None,None,None,None,None,None,None,None,None,None,None,None,None,None,None,None,None,None,None,None,None,None,None,None,None,None,None,None,None,None,None,None,None,None,None,None,None,None,None,None,None,None,None,None,None,None,None,None,None,None,None,None,None,appl,1024,mntr,RGB ,XYZ ,2022:01:01 00:00:00,acsp,APPL,0,APPL,,0 0,0,0.9642 1 0.82491,appl,236 253 163 142 56 133 71 195 109 180 189 79 122 218 24 47,Display P3,"Copyright Apple Inc., 2022",0.96419 1 0.82489,0.51512 0.2412 -0.00105,0.29198 0.69225 0.04189,0.1571 0.06657 0.78407,"(Binary data 32 bytes, use -b option to extract)",1.04788 0.02292 -0.0502 0.02959 0.99048 -0.01706 -0.00923 0.01508 0.75168,"(Binary data 32 bytes, use -b option to extract)","(Binary data 32 bytes, use -b option to extract)",None,None,6144 3116,19.144704,None,None,None,None,None,None,None,None,None,None,None
image_data/flickr_53654592685.jpg,12.85,flickr_53654592685.jpg,image_data,5479132,2024:04:15 00:02:01+02:00,2024:07:24 10:56:44+02:00,2024:07:24 10:56:39+02:00,100666,JPEG,JPG,image/jpeg,MM,2923,3985,0,8,3,2 2,1 1,0,72,72,Apple,iPhone 14 Pro,1,72,72,2,Snapseed 2.24.554500229,2024:04:03 09:40:10,iPhone 14 Pro,None,0.00826446281,1.78,2,100,0232,2024:04:03 09:40:10,2024:04:03 09:40:10,-07:00,-07:00,-07:00,None,0.00824599998534559,1.78000000038041,4.230721624,0,5,16,6.86,2009 1505 2208 1324,798,798,0100,None,2923,3985,2,1,0,0,24,0,2.220000029 9 1.779999971 2.8,Apple,iPhone 14 Pro back triple camera 6.86mm f/1.78,2,None,None,None,None,None,None,None,None,None,None,None,None,None,None,None,None,None,None,None,None,None,None,None,None,None,None,None,None,None,None,None,None,None,None,None,None,None,None,None,None,None,None,None,None,None,None,None,None,None,None,None,None,None,None,None,None,None,None,None,None,None,None,None,None,None,None,None,None,None,None,None,None,None,None,None,None,None,None,None,None,None,None,None,None,1.78,2923 3985,11.648155,3.49854227405248,0.00826446281,2024:04:03 09:40:10.798-07:00,2024:04:03 09:40:10.798-07:00,2024:04:03 09:40:10-07:00,0.00858822282975103,73.7398575770811,24,3.07839911145579,8.58261771964351,iPhone 14 Pro back triple camera 6.86mm f/1.78
image_data/flickr_53655147472.jpg,12.85,flickr_53655147472.jpg,image_data,943960,2024:04:15 18:46:31+02:00,2024:07:24 10:56:44+02:00,2024:07:24 10:56:39+02:00,100666,JPEG,JPG,image/jpeg,None,2304,3072,0,8,3,1 1,None,None,None,None,None,None,None,None,None,None,None,None,None,None,None,None,None,None,None,None,None,None,None,None,None,None,None,None,None,None,None,None,None,None,None,None,None,None,None,None,None,None,None,None,None,None,None,None,None,None,None,None,None,None,None,None,None,None,None,None,None,None,None,None,None,None,None,None,None,None,None,None,None,None,None,None,None,None,None,None,None,None,None,None,None,None,None,None,None,None,None,None,None,None,None,None,None,None,None,None,None,None,None,None,None,None,Lino,528,mntr,RGB ,XYZ ,1998:02:09 06:49:00,acsp,MSFT,0,IEC ,sRGB,0 0,0,0.9642 1 0.82491,HP  ,0 0 0 0 0 0 0 0 0 0 0 0 0 0 0 0,sRGB IEC61966-2.1,Copyright (c) 1998 Hewlett-Packard Company,0.95045 1 1.08905,0.43607 0.22249 0.01392,0.38515 0.71687 0.09708,0.14307 0.06061 0.7141,"(Binary data 2060 bytes, use -b option to extract)",None,"(Binary data 2060 bytes, use -b option to extract)","(Binary data 2060 bytes, use -b option to extract)",None,None,2304 3072,7.077888,None,None,None,None,None,None,None,None,None,None,None
image_data/flickr_53655330336.jpg,12.85,flickr_53655330336.jpg,image_data,2885782,2024:04:15 12:58:28+02:00,2024:07:24 10:56:44+02:00,2024:07:24 10:56:39+02:00,100666,JPEG,JPG,image/jpeg,MM,2269,3265,0,8,3,2 2,1 1,0,72,72,Apple,iPhone 14 Pro,1,72,72,2,17.4.1,2024:04:08 11:21:19,iPhone 14 Pro,None,0.001098901099,2.2,2,40,0232,2024:04:08 11:21:19,2024:04:08 11:21:19,+01:00,+01:00,+01:00,None,0.00109899999723854,2.20000000038133,9.874865447,0,5,16,2.22,2017 1511 2321 1331,981,981,None,65535,2269,3265,2,1,0,0,15,None,2.220000029 9 1.779999971 2.8,Apple,iPhone 14 Pro back triple camera 2.22mm f/2.2,2,None,None,None,None,14,1,29989335184833,1000000000,0,1,208,379,1,0.007549032567 -0.9515782002 0.3130950034,None,12,5283844,None,0,1.396538734,-2581902 268435473,37.82558824,D849A672-9BFA-4E67-A008-90D3F84DA96A,5142,1,42,0,"{_0=1,_1=0,_2=0,_3=0}",None,None,None,None,None,None,None,None,None,None,None,None,None,None,None,None,None,None,None,None,None,None,None,None,None,None,None,None,None,appl,1024,mntr,RGB ,XYZ ,2022:01:01 00:00:00,acsp,APPL,0,APPL,,0 0,0,0.9642 1 0.82491,appl,236 253 163 142 56 133 71 195 109 180 189 79 122 218 24 47,Display P3,"Copyright Apple Inc., 2022",0.96419 1 0.82489,0.51512 0.2412 -0.00105,0.29198 0.69225 0.04189,0.1571 0.06657 0.78407,"(Binary data 32 bytes, use -b option to extract)",1.04788 0.02292 -0.0502 0.02959 0.99048 -0.01706 -0.00923 0.01508 0.75168,"(Binary data 32 bytes, use -b option to extract)","(Binary data 32 bytes, use -b option to extract)",29989.335184833,2.2,2269 3265,7.408285,6.75675675675676,0.001098901099,2024:04:08 11:21:19.981+01:00,2024:04:08 11:21:19.981+01:00,2024:04:08 11:21:19+01:00,0.00444684657307225,100.388942610382,15,0.50376863275364,13.4266578773435,iPhone 14 Pro back triple camera 2.22mm f/2.2
image_data/flickr_53655382081.jpg,12.85,flickr_53655382081.jpg,image_data,2737344,2024:04:15 13:38:48+02:00,2024:07:24 10:56:44+02:00,2024:07:24 10:56:39+02:00,100666,JPEG,JPG,image/jpeg,MM,4032,3024,0,8,3,2 2,1 1,0,72,72,Apple,iPhone 14 Pro,1,72,72,2,17.2,2023:12:17 12:01:47,iPhone 14 Pro,None,0.008849557522,2.2,2,40,0232,2023:12:17 12:01:47,2023:12:17 12:01:47,None,None,None,1 2 3 0,0.00881100000169885,2.20000000038133,4.479628824,0,5,16,2.22,2015 1511 2323 1330,033,033,0100,65535,4032,3024,2,1,0,0,14,0,2.220000029 9 1.779999971 2.8,Apple,iPhone 14 Pro back triple camera 2.22mm f/2.2,2,None,None,None,None,14,1,73061095110041,1000000000,0,0,178,68,1,-0.8706200719 -0.02203961648 0.506911337,None,12,5283844,None,0,1.065820813,722 268435472,30.34348299,A46C830D-8970-4DF6-B118-B1E6AE7E82A9,5355,1,27,0.03084854036,"{_0=1,_1=0,_2=0,_3=0}",None,None,None,None,None,None,None,None,None,None,None,None,None,None,None,None,None,None,None,None,None,None,None,None,None,None,None,None,None,appl,1024,mntr,RGB ,XYZ ,2022:01:01 00:00:00,acsp,APPL,0,APPL,,0 0,0,0.9642 1 0.82491,appl,236 253 163 142 56 133 71 195 109 180 189 79 122 218 24 47,Display P3,"Copyright Apple Inc., 2022",0.96419 1 0.82489,0.51512 0.2412 -0.00105,0.29198 0.69225 0.04189,0.1571 0.06657 0.78407,"(Binary data 32 bytes, use -b option to extract)",1.04788 0.02292 -0.0502 0.02959 0.99048 -0.01706 -0.00923 0.01508 0.75168,"(Binary data 32 bytes, use -b option to extract)","(Binary data 32 bytes, use -b option to extract)",73061.095110041,2.2,4032 3024,12.192768,6.30630630630631,0.008849557522,2023:12:17 12:01:47.033,2023:12:17 12:01:47.033,None,0.00476447847114884,104.250120754113,14,0.470184057236731,10.4171141048226,iPhone 14 Pro back triple camera 2.22mm f/2.2
image_data/flickr_53655560883.jpg,12.85,flickr_53655560883.jpg,image_data,8516654,2024:04:15 13:03:10+02:00,2024:07:24 10:56:43+02:00,2024:07:24 10:56:39+02:00,100666,JPEG,JPG,image/jpeg,MM,4032,2746,0,8,3,2 2,None,None,None,None,Apple,iPhone 14 Pro,1,72,72,2,17.4.1,2024:04:08 17:13:26,iPhone 14 Pro,1,0.0009233610342,1.78,2,80,0232,2024:04:08 17:13:26,2024:04:08 17:13:26,+01:00,+01:00,+01:00,1 2 3 0,0.000923000001073798,1.78000000038041,7.783604668,0,5,16,6.86,2007 1508 2319 1326,850,850,0100,65535,4032,2746,2,1,0,0,43,0,2.220000029 9 1.779999971 2.8,Apple,iPhone 14 Pro back triple camera 6.86mm f/1.78,2,6,3048,19962,"(Binary data 19962 bytes, use -b option to extract)",14,1,41665871033708,1000000000,0,1,197,200,1,0.9896219965 0.001376934583 0.05741333587,2.28125 2.2578125,12,5251076,None,0,1.4215132,304 268435487,57.29314803,E14A73F7-0929-4AE3-83F6-5234F2E8EB31,5585,1,41,0,"{_0=1,_1=0,_2=0,_3=0}",None,None,None,None,None,None,None,None,None,None,None,None,None,None,None,None,None,None,None,None,None,None,None,None,None,None,None,None,None,appl,1024,mntr,RGB ,XYZ ,2022:01:01 00:00:00,acsp,APPL,0,APPL,,0 0,0,0.9642 1 0.82491,appl,236 253 163 142 56 133 71 195 109 180 189 79 122 218 24 47,Display P3,"Copyright Apple Inc., 2022",0.96419 1 0.82489,0.51512 0.2412 -0.00105,0.29198 0.69225 0.04189,0.1571 0.06657 0.78407,"(Binary data 32 bytes, use -b option to extract)",1.04788 0.02292 -0.0502 0.02959 0.99048 -0.01706 -0.00923 0.01508 0.75168,"(Binary data 32 bytes, use -b option to extract)","(Binary data 32 bytes, use -b option to extract)",41665.871033708,1.78,4032 2746,11.071872,6.26822157434402,0.0009233610342,2024:04:08 17:13:26.850+01:00,2024:04:08 17:13:26.850+01:00,2024:04:08 17:13:26+01:00,0.004793426695675,45.4288630784536,43,5.51546507469161,12.0665001048233,iPhone 14 Pro back triple camera 6.86mm f/1.78
image_data/flickr_53655671389.jpg,12.85,flickr_53655671389.jpg,image_data,2922678,2024:04:15 12:51:16+02:00,2024:07:24 10:56:43+02:00,2024:07:24 10:56:39+02:00,100666,JPEG,JPG,image/jpeg,MM,2945,3926,0,8,3,2 2,1 1,0,72,72,Apple,iPhone 14 Pro,1,72,72,2,17.4.1,2024:04:08 12:21:40,iPhone 14 Pro,None,0.0101010101,2.8,2,50,0232,2024:04:08 12:21:40,2024:04:08 12:21:40,+01:00,+01:00,+01:00,None,0.0100929999937432,2.79999999966959,5.635053235,0,5,16,9,3141 2370 130 133,176,176,None,65535,2945,3926,2,1,0,0,77,None,2.220000029 9 1.779999971 2.8,Apple,iPhone 14 Pro back triple camera 9mm f/2.8,2,None,None,None,None,14,1,31109927302375,1000000000,0,0,186,189,1,0.0007669979825 -0.9911921033 0.1152372286,1.19921875 1.875,12,2152734724,None,0,0.600998044,1791 268435489,37.91597367,B17B0FCC-F91E-48DE-A345-C0CA03C6CF12,5435,1,66,0,"{_0=1,_1=0,_2=0,_3=0}",None,None,None,None,None,None,None,None,None,None,None,None,None,None,None,None,None,None,None,None,None,None,None,None,None,None,None,None,None,appl,1024,mntr,RGB ,XYZ ,2022:01:01 00:00:00,acsp,APPL,0,APPL,,0 0,0,0.9642 1 0.82491,appl,236 253 163 142 56 133 71 195 109 180 189 79 122 218 24 47,Display P3,"Copyright Apple Inc., 2022",0.96419 1 0.82489,0.51512 0.2412 -0.00105,0.29198 0.69225 0.04189,0.1571 0.06657 0.78407,"(Binary data 32 bytes, use -b option to extract)",1.04788 0.02292 -0.0502 0.02959 0.99048 -0.01706 -0.00923 0.01508 0.75168,"(Binary data 32 bytes, use -b option to extract)","(Binary data 32 bytes, use -b option to extract)",31109.927302375,2.8,2945 3926,11.56207,8.55555555555556,0.0101010101,2024:04:08 12:21:40.176+01:00,2024:04:08 12:21:40.176+01:00,2024:04:08 12:21:40+01:00,0.00351190059298441,26.3151077074502,77,8.23729791394464,10.6002102745644,iPhone 14 Pro back triple camera 9mm f/2.8
image_data/flickr_53655833755.jpg,12.85,flickr_53655833755.jpg,image_data,2688145,2024:04:15 13:29:48+02:00,2024:07:24 10:56:43+02:00,2024:07:24 10:56:39+02:00,100666,JPEG,JPG,image/jpeg,MM,4032,3024,0,8,3,2 2,1 1,0,72,72,Apple,iPhone 14 Pro,1,72,72,2,17.2,2023:12:17 12:02:00,iPhone 14 Pro,None,0.001406469761,2.2,2,40,0232,2023:12:17 12:02:00,2023:12:17 12:02:00,None,None,None,1 2 3 0,0.00140599999439785,2.20000000038133,7.418462381,0,5,16,2.22,2015 1511 2323 1330,720,720,0100,65535,4032,3024,2,1,0,0,14,0,2.220000029 9 1.779999971 2.8,Apple,iPhone 14 Pro back triple camera 2.22mm f/2.2,2,None,None,None,None,14,1,73074970722375,1000000000,0,1,141,88,1,-0.6962675449 0.08077605063 0.7138205174,None,12,5283844,None,0,1.462233066,559 268435464,31.40293501,FADB41B2-CB25-44EE-B6D0-674ECD57DA59,5111,1,28,0.06636366251,"{_0=1,_1=0,_2=0,_3=0}",None,None,None,None,None,None,None,None,None,None,None,None,None,None,None,None,None,None,None,None,None,None,None,None,None,None,None,None,None,appl,1024,mntr,RGB ,XYZ ,2022:01:01 00:00:00,acsp,APPL,0,APPL,,0 0,0,0.9642 1 0.82491,appl,236 253 163 142 56 133 71 195 109 180 189 79 122 218 24 47,Display P3,"Copyright Apple Inc., 2022",0.96419 1 0.82489,0.51512 0.2412 -0.00105,0.29198 0.69225 0.04189,0.1571 0.06657 0.78407,"(Binary data 32 bytes, use -b option to extract)",1.04788 0.02292 -0.0502 0.02959 0.99048 -0.01706 -0.00923 0.01508 0.75168,"(Binary data 32 bytes, use -b option to extract)","(Binary data 32 bytes, use -b option to extract)",73074.970722375,2.2,4032 3024,12.192768,6.30630630630631,0.001406469761,2023:12:17 12:02:00.720,2023:12:17 12:02:00.720,None,0.00476447847114884,104.250120754113,14,0.470184057236731,13.0706408919042,iPhone 14 Pro back triple camera 2.22mm f/2.2
image_data/flickr_53655883578.jpg,12.85,flickr_53655883578.jpg,image_data,300287,2024:04:15 16:05:24+02:00,2024:07:24 10:56:43+02:00,2024:07:24 10:56:39+02:00,100666,JPEG,JPG,image/jpeg,None,2048,1536,0,8,3,2 2,None,None,None,None,None,None,None,None,None,None,None,None,None,None,None,None,None,None,None,None,None,None,None,None,None,None,None,None,None,None,None,None,None,None,None,None,None,None,None,None,None,None,None,None,None,None,None,None,None,None,None,None,None,None,None,None,None,None,None,None,None,None,None,None,None,None,None,None,None,None,None,None,None,None,None,None,None,None,None,None,None,None,None,None,None,None,None,None,None,None,None,None,None,None,None,None,None,None,None,None,None,None,None,None,None,None,appl,1024,mntr,RGB ,XYZ ,2022:01:01 00:00:00,acsp,APPL,0,APPL,,0 0,0,0.9642 1 0.82491,appl,236 253 163 142 56 133 71 195 109 180 189 79 122 218 24 47,Display P3,"Copyright Apple Inc., 2022",0.96419 1 0.82489,0.51512 0.2412 -0.00105,0.29198 0.69225 0.04189,0.1571 0.06657 0.78407,"(Binary data 32 bytes, use -b option to extract)",1.04788 0.02292 -0.0502 0.02959 0.99048 -0.01706 -0.00923 0.01508 0.75168,"(Binary data 32 bytes, use -b option to extract)","(Binary data 32 bytes, use -b option to extract)",None,None,2048 1536,3.145728,None,None,None,None,None,None,None,None,None,None,None
image_data/flickr_53655969395.jpg,12.85,flickr_53655969395.jpg,image_data,5292856,2024:04:15 14:48:37+02:00,2024:07:24 10:56:43+02:00,2024:07:24 10:56:39+02:00,100666,JPEG,JPG,image/jpeg,MM,3987,2705,0,8,3,1 1,None,None,None,None,None,None,None,None,None,None,None,None,None,None,None,None,None,None,None,None,None,None,None,None,None,None,None,None,None,None,None,None,None,None,None,None,None,None,None,None,None,None,None,None,None,None,None,None,None,None,None,None,None,None,None,None,None,None,None,None,None,None,None,None,None,None,None,None,None,None,None,None,None,None,None,None,None,None,None,None,None,None,None,None,None,None,None,None,None,None,None,None,None,None,None,None,None,None,None,None,None,None,None,None,None,None,ADBE,528,mntr,RGB ,XYZ ,1999:06:03 00:00:00,acsp,APPL,0,none,,0 0,0,0.9642 1 0.82491,ADBE,0 0 0 0 0 0 0 0 0 0 0 0 0 0 0 0,Adobe RGB (1998),Copyright 1999 Adobe Systems Incorporated,0.95045 1 1.08905,0.60974 0.31111 0.01947,0.20528 0.62567 0.06087,0.14919 0.06322 0.74457,"(Binary data 14 bytes, use -b option to extract)",None,"(Binary data 14 bytes, use -b option to extract)","(Binary data 14 bytes, use -b option to extract)",None,None,3987 2705,10.784835,None,None,None,None,None,None,None,None,None,None,None
image_data/flickr_53656022506.jpg,12.85,flickr_53656022506.jpg,image_data,2284575,2024:04:15 18:46:33+02:00,2024:07:24 10:56:43+02:00,2024:07:24 10:56:39+02:00,100666,JPEG,JPG,image/jpeg,None,2048,2048,0,8,3,1 1,None,None,None,None,None,None,None,None,None,None,None,None,None,None,None,None,None,None,None,None,None,None,None,None,None,None,None,None,None,None,None,None,None,None,None,None,None,None,None,None,None,None,None,None,None,None,None,None,None,None,None,None,None,None,None,None,None,None,None,None,None,None,None,None,None,None,None,None,None,None,None,None,None,None,None,None,None,None,None,None,None,None,None,None,None,None,None,None,None,None,None,None,None,None,None,None,None,None,None,None,None,None,None,None,None,None,Lino,528,mntr,RGB ,XYZ ,1998:02:09 06:49:00,acsp,MSFT,0,IEC ,sRGB,0 0,1,0.9642 1 0.82491,HP  ,0 0 0 0 0 0 0 0 0 0 0 0 0 0 0 0,sRGB IEC61966-2.1,Copyright (c) 1998 Hewlett-Packard Company,0.95045 1 1.08905,0.43607 0.22249 0.01392,0.38515 0.71687 0.09708,0.14307 0.06061 0.7141,"(Binary data 2060 bytes, use -b option to extract)",None,"(Binary data 2060 bytes, use -b option to extract)","(Binary data 2060 bytes, use -b option to extract)",None,None,2048 2048,4.194304,None,None,None,None,None,None,None,None,None,None,None
image_data/flickr_53656454657.jpg,12.85,flickr_53656454657.jpg,image_data,4045539,2024:04:16 08:16:32+02:00,2024:07:24 10:56:43+02:00,2024:07:24 10:56:39+02:00,100666,JPEG,JPG,image/jpeg,MM,3915,2531,0,8,3,2 2,1 1,0,72,72,Apple,iPhone 14 Pro,1,72,72,2,Snapseed 2.24.554500229,2024:04:16 11:23:52,iPhone 14 Pro,None,0.002659574468,1.78,2,80,0232,2024:04:16 11:23:52,2024:04:16 11:23:52,+10:00,+10:00,+10:00,None,0.0026599999998813,1.78000000038041,5.957742712,0,5,16,6.86,2017 1508 1108 665,577,577,0100,65535,3915,2531,2,1,0,0,48,0,2.220000029 6.860000134 1.779999971 2.2,Apple,iPhone 14 Pro back dual wide camera 6.86mm f/1.78,None,None,None,None,None,None,None,None,None,None,None,None,None,None,None,None,None,None,None,None,None,None,None,None,None,None,None,None,None,None,None,None,None,None,None,None,None,None,None,None,None,None,None,None,None,None,None,None,None,None,None,None,None,None,None,None,None,None,appl,1024,mntr,RGB ,XYZ ,2022:01:01 00:00:00,acsp,APPL,0,APPL,,0 0,0,0.9642 1 0.82491,appl,236 253 163 142 56 133 71 195 109 180 189 79 122 218 24 47,Display P3,"Copyright Apple Inc., 2022",0.96419 1 0.82489,0.51512 0.2412 -0.00105,0.29198 0.69225 0.04189,0.1571 0.06657 0.78407,"(Binary data 32 bytes, use -b option to extract)",1.04788 0.02292 -0.0502 0.02959 0.99048 -0.01706 -0.00923 0.01508 0.75168,"(Binary data 32 bytes, use -b option to extract)","(Binary data 32 bytes, use -b option to extract)",None,1.78,3915 2531,9.908865,6.99708454810496,0.002659574468,2024:04:16 11:23:52.577+10:00,2024:04:16 11:23:52.577+10:00,2024:04:16 11:23:52+10:00,0.00429411141487552,41.1121251650935,48,6.15679822291157,10.5402714289945,iPhone 14 Pro back dual wide camera 6.86mm f/1.78
image_data/flickr_53656541350.jpg,12.85,flickr_53656541350.jpg,image_data,3762657,2024:04:15 19:13:37+02:00,2024:07:24 10:56:43+02:00,2024:07:24 10:56:39+02:00,100666,JPEG,JPG,image/jpeg,MM,4032,3024,0,8,3,2 2,None,None,None,None,None,None,None,None,None,None,None,None,None,None,None,None,None,None,None,None,None,None,None,None,None,None,None,None,None,None,None,None,None,None,None,None,None,None,None,None,None,None,None,None,None,None,None,None,None,None,None,None,None,None,None,None,None,None,None,None,None,None,None,None,None,None,None,None,None,None,None,None,None,None,None,None,None,None,None,None,None,None,None,None,None,None,None,None,None,None,None,None,None,None,None,None,None,None,None,None,None,None,None,None,None,None,None,None,None,None,None,None,None,None,None,None,None,None,None,None,None,None,None,None,None,None,None,None,None,None,None,None,None,None,4032 3024,12.192768,None,None,None,None,None,None,None,None,None,None,None
image_data/flickr_53656828223.jpg,12.85,flickr_53656828223.jpg,image_data,247551,2024:04:15 23:13:30+02:00,2024:07:24 10:56:42+02:00,2024:07:24 10:56:39+02:00,100666,JPEG,JPG,image/jpeg,None,809,1024,0,8,3,2 2,1 2,0,1,1,None,None,None,None,None,None,None,None,None,None,None,None,None,None,None,None,None,None,None,None,None,None,None,None,None,None,None,None,None,None,None,None,None,None,None,None,None,None,None,None,None,None,None,None,None,None,None,None,None,None,None,None,None,None,None,None,None,None,None,None,None,None,None,None,None,None,None,None,None,None,None,None,None,None,None,None,None,None,None,None,None,None,None,None,None,None,None,None,None,None,None,None,None,None,None,None,None,None,None,None,None,None,appl,1024,mntr,RGB ,XYZ ,2022:01:01 00:00:00,acsp,APPL,0,APPL,,0 0,0,0.9642 1 0.82491,appl,236 253 163 142 56 133 71 195 109 180 189 79 122 218 24 47,Display P3,"Copyright Apple Inc., 2022",0.96419 1 0.82489,0.51512 0.2412 -0.00105,0.29198 0.69225 0.04189,0.1571 0.06657 0.78407,"(Binary data 32 bytes, use -b option to extract)",1.04788 0.02292 -0.0502 0.02959 0.99048 -0.01706 -0.00923 0.01508 0.75168,"(Binary data 32 bytes, use -b option to extract)","(Binary data 32 bytes, use -b option to extract)",None,None,809 1024,0.828416,None,None,None,None,None,None,None,None,None,None,None
image_data/flickr_53657078684.jpg,12.85,flickr_53657078684.jpg,image_data,4125579,2024:04:16 00:21:27+02:00,2024:07:24 10:56:42+02:00,2024:07:24 10:56:39+02:00,100666,JPEG,JPG,image/jpeg,MM,3024,4032,0,8,3,2 2,1 1,1,300,300,Apple,iPhone 14 Pro,1,72,72,2,17.4.1,2024:04:15 10:07:41,None,1,0.005434782609,1.779999971,2,64,0232,2024:04:15 10:07:41,2024:04:15 10:07:41,None,None,None,1 2 3 0,0.00544400000309494,1.77999998804239,5.210182666,0,5,16,6.860000134,2009 1505 2208 1324,842,842,0100,1,4032,3024,2,1,0,0,24,0,2.220000029 9 1.779999971 2.8,Apple,iPhone 14 Pro back triple camera 6.86mm f/1.78,None,None,None,None,None,14,1,194447382916,1000000000,0,1,177,172,1,-0.03123973681 -0.928337574 -0.3748559061,0.42578125 0.171875,12,5251332,None,0,1.251332044,24 268435484,49.56983948,0B992C20-9FD9-4969-8E23-BF81AABA471D,5202,1,136,0,"{_0=1,_1=0,_2=0,_3=0}",XMP Core 6.0.0,2024:04:15 10:07:41,17.4.1,2024:04:15 10:07:41,None,None,None,None,None,None,None,None,None,None,None,None,None,None,2024:04:15 10:07:41,0100,2,0,0,0,347510,3778069,0,0,"(Binary data 347510 bytes, use -b option to extract)",appl,1024,mntr,RGB ,XYZ ,2022:01:01 00:00:00,acsp,APPL,0,APPL,,0 0,0,0.9642 1 0.82491,appl,236 253 163 142 56 133 71 195 109 180 189 79 122 218 24 47,Display P3,"Copyright Apple Inc., 2022",0.96419 1 0.82489,0.51512 0.2412 -0.00105,0.29198 0.69225 0.04189,0.1571 0.06657 0.78407,"(Binary data 32 bytes, use -b option to extract)",1.04788 0.02292 -0.0502 0.02959 0.99048 -0.01706 -0.00923 0.01508 0.75168,"(Binary data 32 bytes, use -b option to extract)","(Binary data 32 bytes, use -b option to extract)",194.447382916,1.779999971,3024 4032,12.192768,3.49854220571361,0.005434782609,2024:04:15 10:07:41.842,2024:04:15 10:07:41.842,None,0.00858822299750932,73.7398575770811,24,3.07839922174148,9.83117258112513,iPhone 14 Pro back triple camera 6.86mm f/1.78
image_data/flickr_53657508612.jpg,12.85,flickr_53657508612.jpg,image_data,7407382,2024:04:16 19:11:19+02:00,2024:07:24 10:56:42+02:00,2024:07:24 10:56:39+02:00,100666,JPEG,JPG,image/jpeg,II,7966,5311,0,8,3,1 1,None,None,None,None,Apple,iPhone 14 Pro Max,None,240,240,2,Adobe Photoshop Lightroom Classic 13.2 (Macintosh),2024:04:16 13:10:44,None,None,0.002702702703,1.8,2,80,0232,2024:04:12 15:52:38,2024:04:12 15:52:38,-04:00,-04:00,-04:00,None,0.00270270356542063,1.80000011658812,6.443632319,0,5,16,6.86,4023 3017 4646 2661,025,025,None,1,None,None,2,1,0,0,24,None,2.220000029 9 1.779999971 2.8,Apple,iPhone 14 Pro Max back triple camera 6.86mm f/1.78,None,6,956,18303,"(Binary data 18303 bytes, use -b option to extract)",None,None,None,None,None,None,None,None,None,None,None,None,None,None,None,None,None,None,None,None,None,None,None,None,"Adobe XMP Core 7.0-c000 1.000000, 0000/00/00-00:00:00        ",2024:04:12 15:52:38.025-04:00,Adobe Photoshop Lightroom Classic 13.2 (Macintosh),2024:04:16 13:10:44-04:00,None,None,None,None,None,None,None,None,None,None,None,None,None,None,2024:04:12 15:52:38.025-04:00,None,None,None,None,None,None,None,None,None,None,Lino,528,mntr,RGB ,XYZ ,1998:02:09 06:49:00,acsp,MSFT,0,IEC ,sRGB,0 0,0,0.9642 1 0.82491,HP  ,0 0 0 0 0 0 0 0 0 0 0 0 0 0 0 0,sRGB IEC61966-2.1,Copyright (c) 1998 Hewlett-Packard Company,0.95045 1 1.08905,0.43607 0.22249 0.01392,0.38515 0.71687 0.09708,0.14307 0.06061 0.7141,"(Binary data 2060 bytes, use -b option to extract)",None,"(Binary data 2060 bytes, use -b option to extract)","(Binary data 2060 bytes, use -b option to extract)",None,1.8,7966 5311,42.307426,3.49854227405248,0.002702702703,2024:04:12 15:52:38.025-04:00,2024:04:12 15:52:38.025-04:00,2024:04:16 13:10:44-04:00,0.00858822282975103,73.7398575770811,24,3.04419467688406,10.5493033683549,iPhone 14 Pro Max back triple camera 6.86mm f/1.78
image_data/flickr_53657532122.jpg,12.85,flickr_53657532122.jpg,image_data,4235034,2024:04:16 19:22:56+02:00,2024:07:24 10:56:42+02:00,2024:07:24 10:56:39+02:00,100666,JPEG,JPG,image/jpeg,II,7919,5279,0,8,3,1 1,None,None,None,None,Apple,iPhone 14 Pro Max,None,240,240,2,Adobe Photoshop Lightroom Classic 13.2 (Macintosh),2024:04:16 13:21:46,None,None,0.00025,1.8,2,100,0232,2024:04:16 09:26:41,2024:04:16 09:26:41,-04:00,-04:00,-04:00,None,0.000250000049328186,1.80000011658812,10.05086025,0,5,16,6.86,4023 3017 4646 2661,880,880,None,1,None,None,2,1,0,0,24,None,2.220000029 9 1.779999971 2.8,Apple,iPhone 14 Pro Max back triple camera 6.86mm f/1.78,None,6,956,20532,"(Binary data 20532 bytes, use -b option to extract)",None,None,None,None,None,None,None,None,None,None,None,None,None,None,None,None,None,None,None,None,None,None,None,None,"Adobe XMP Core 7.0-c000 1.000000, 0000/00/00-00:00:00        ",2024:04:16 09:26:41.880-04:00,Adobe Photoshop Lightroom Classic 13.2 (Macintosh),2024:04:16 13:21:46-04:00,None,None,None,None,None,None,None,None,None,None,None,None,None,None,2024:04:16 09:26:41.880-04:00,None,None,None,None,None,None,None,None,None,None,Lino,528,mntr,RGB ,XYZ ,1998:02:09 06:49:00,acsp,MSFT,0,IEC ,sRGB,0 0,0,0.9642 1 0.82491,HP  ,0 0 0 0 0 0 0 0 0 0 0 0 0 0 0 0,sRGB IEC61966-2.1,Copyright (c) 1998 Hewlett-Packard Company,0.95045 1 1.08905,0.43607 0.22249 0.01392,0.38515 0.71687 0.09708,0.14307 0.06061 0.7141,"(Binary data 2060 bytes, use -b option to extract)",None,"(Binary data 2060 bytes, use -b option to extract)","(Binary data 2060 bytes, use -b option to extract)",None,1.8,7919 5279,41.804401,3.49854227405248,0.00025,2024:04:16 09:26:41.880-04:00,2024:04:16 09:26:41.880-04:00,2024:04:16 13:21:46-04:00,0.00858822282975103,73.7398575770811,24,3.04419467688406,13.661778097772,iPhone 14 Pro Max back triple camera 6.86mm f/1.78
image_data/flickr_53657532567.jpg,12.85,flickr_53657532567.jpg,image_data,4282336,2024:04:16 19:23:10+02:00,2024:07:24 10:56:42+02:00,2024:07:24 10:56:39+02:00,100666,JPEG,JPG,image/jpeg,II,8004,5336,0,8,3,1 1,None,None,None,None,Apple,iPhone 14 Pro Max,None,240,240,2,Adobe Photoshop Lightroom Classic 13.2 (Macintosh),2024:04:16 13:21:47,None,None,0.000125,1.8,2,100,0232,2024:04:16 09:30:24,2024:04:16 09:30:24,-04:00,-04:00,-04:00,None,0.000125000024664093,1.80000011658812,9.781661442,0,5,16,6.86,4023 3017 4646 2661,512,512,None,1,None,None,2,1,0,0,24,None,2.220000029 9 1.779999971 2.8,Apple,iPhone 14 Pro Max back triple camera 6.86mm f/1.78,None,6,956,29075,"(Binary data 29075 bytes, use -b option to extract)",None,None,None,None,None,None,None,None,None,None,None,None,None,None,None,None,None,None,None,None,None,None,None,None,"Adobe XMP Core 7.0-c000 1.000000, 0000/00/00-00:00:00        ",2024:04:16 09:30:24.512-04:00,Adobe Photoshop Lightroom Classic 13.2 (Macintosh),2024:04:16 13:21:47-04:00,None,None,None,None,None,None,None,None,None,None,None,None,None,None,2024:04:16 09:30:24.512-04:00,None,None,None,None,None,None,None,None,None,None,Lino,528,mntr,RGB ,XYZ ,1998:02:09 06:49:00,acsp,MSFT,0,IEC ,sRGB,0 0,0,0.9642 1 0.82491,HP  ,0 0 0 0 0 0 0 0 0 0 0 0 0 0 0 0,sRGB IEC61966-2.1,Copyright (c) 1998 Hewlett-Packard Company,0.95045 1 1.08905,0.43607 0.22249 0.01392,0.38515 0.71687 0.09708,0.14307 0.06061 0.7141,"(Binary data 2060 bytes, use -b option to extract)",None,"(Binary data 2060 bytes, use -b option to extract)","(Binary data 2060 bytes, use -b option to extract)",None,1.8,8004 5336,42.709344,3.49854227405248,0.000125,2024:04:16 09:30:24.512-04:00,2024:04:16 09:30:24.512-04:00,2024:04:16 13:21:47-04:00,0.00858822282975103,73.7398575770811,24,3.04419467688406,14.661778097772,iPhone 14 Pro Max back triple camera 6.86mm f/1.78
image_data/flickr_53657881902.jpg,12.85,flickr_53657881902.jpg,image_data,4615061,2024:04:16 22:05:26+02:00,2024:07:24 10:56:43+02:00,2024:07:24 10:56:39+02:00,100666,JPEG,JPG,image/jpeg,MM,3024,4032,0,8,3,2 2,1 1,0,72,72,Apple,iPhone 14 Pro Max,1,72,72,2,17.0,2023:09:25 09:51:06,iPhone 14 Pro Max,None,0.001988071571,1.78,2,80,0232,2023:09:25 09:51:06,2023:09:25 09:51:06,+03:00,+03:00,+03:00,1 2 3 0,0.00198700001387545,1.78000000038041,6.440041306,0,5,16,6.86,2009 1505 2208 1324,123,123,0100,65535,3024,4032,2,1,0,0,24,0,2.220000029 9 1.779999971 2.8,Apple,iPhone 14 Pro Max back triple camera 6.86mm f/1.78,2,None,None,None,None,14,1,136756144339416,1000000000,0,1,166,169,1,-0.06982935225 0.9906846279 -0.1165743843,2.49609375 0.1171875,12,5251076,None,0,1.306481242,52 268435514,53.29918668,6F681DFD-81D9-4168-8461-0B50B75BE36D,6474,1,99,0.02283562347,"{_0=1,_1=0,_2=0,_3=0}",None,None,None,None,None,None,None,None,None,None,None,None,None,None,None,None,None,None,None,None,None,None,None,None,None,None,None,None,None,appl,1024,mntr,RGB ,XYZ ,2022:01:01 00:00:00,acsp,APPL,0,APPL,,0 0,0,0.9642 1 0.82491,appl,236 253 163 142 56 133 71 195 109 180 189 79 122 218 24 47,Display P3,"Copyright Apple Inc., 2022",0.96419 1 0.82489,0.51512 0.2412 -0.00105,0.29198 0.69225 0.04189,0.1571 0.06657 0.78407,"(Binary data 32 bytes, use -b option to extract)",1.04788 0.02292 -0.0502 0.02959 0.99048 -0.01706 -0.00923 0.01508 0.75168,"(Binary data 32 bytes, use -b option to extract)","(Binary data 32 bytes, use -b option to extract)",136756.144339416,1.78,3024 4032,12.192768,3.49854227405248,0.001988071571,2023:09:25 09:51:06.123+03:00,2023:09:25 09:51:06.123+03:00,2023:09:25 09:51:06+03:00,0.00858822282975103,73.7398575770811,24,3.07839911145579,10.9600971667689,iPhone 14 Pro Max back triple camera 6.86mm f/1.78
image_data/flickr_53658412693.jpg,12.85,flickr_53658412693.jpg,image_data,5426117,2024:04:16 17:41:50+02:00,2024:07:24 10:56:43+02:00,2024:07:24 10:56:39+02:00,100666,JPEG,JPG,image/jpeg,MM,4032,2688,0,8,3,1 1,None,None,None,None,None,None,None,None,None,None,None,None,None,None,None,None,None,None,None,None,None,None,None,None,None,None,None,None,None,None,None,None,None,None,None,None,None,None,None,None,None,None,None,None,None,None,None,None,None,None,None,None,None,None,None,None,None,None,None,None,None,None,None,None,None,None,None,None,None,None,None,None,None,None,None,None,None,None,None,None,None,None,None,None,None,None,None,None,None,None,None,None,None,None,None,None,None,None,None,None,None,None,None,None,None,None,ADBE,528,mntr,RGB ,XYZ ,1999:06:03 00:00:00,acsp,APPL,0,none,,0 0,0,0.9642 1 0.82491,ADBE,0 0 0 0 0 0 0 0 0 0 0 0 0 0 0 0,Adobe RGB (1998),Copyright 1999 Adobe Systems Incorporated,0.95045 1 1.08905,0.60974 0.31111 0.01947,0.20528 0.62567 0.06087,0.14919 0.06322 0.74457,"(Binary data 14 bytes, use -b option to extract)",None,"(Binary data 14 bytes, use -b option to extract)","(Binary data 14 bytes, use -b option to extract)",None,None,4032 2688,10.838016,None,None,None,None,None,None,None,None,None,None,None
image_data/flickr_53658467810.jpg,12.85,flickr_53658467810.jpg,image_data,1779603,2024:04:16 16:18:33+02:00,2024:07:24 10:56:43+02:00,2024:07:24 10:56:39+02:00,100666,JPEG,JPG,image/jpeg,MM,3593,2003,0,8,3,2 2,1 1,1,300,300,Apple,iPhone 14 Pro,1,72,72,2,17.4.1,2024:03:24 18:40:31,iPhone 14 Pro,1,0.0003070310101,1.78,2,64,0232,2024:03:24 18:40:31,2024:03:24 18:40:31,None,None,None,1 2 3 0,0.000307000000841395,1.78000000038041,9.603580765,0,5,16,6.86,2017 1508 1161 665,242,242,0100,65535,3593,2003,2,1,0,0,48,0,2.220000029 9 1.779999971 2.8,Apple,iPhone 14 Pro back triple camera 6.86mm f/1.78,2,6,3080,7458,"(Binary data 7458 bytes, use -b option to extract)",14,1,10237324960583,1000000000,0,1,187,190,1,-1.000169396 -0.03344321621 0.1093773842,0.328125 0.28515625,12,5251092,None,0,1.568873048,645 268435488,56.75155258,3150F5FB-33A6-436F-826D-947763692538,5483,1,50,0,"{_0=1,_1=0,_2=0.5,_3=4}",None,None,None,None,None,None,None,None,None,None,None,None,None,None,None,None,None,None,None,0100,2,0,0,0,237544,1542059,0,0,"(Binary data 237544 bytes, use -b option to extract)",appl,1024,mntr,RGB ,XYZ ,2022:01:01 00:00:00,acsp,APPL,0,APPL,,0 0,0,0.9642 1 0.82491,appl,236 253 163 142 56 133 71 195 109 180 189 79 122 218 24 47,Display P3,"Copyright Apple Inc., 2022",0.96419 1 0.82489,0.51512 0.2412 -0.00105,0.29198 0.69225 0.04189,0.1571 0.06657 0.78407,"(Binary data 32 bytes, use -b option to extract)",1.04788 0.02292 -0.0502 0.02959 0.99048 -0.01706 -0.00923 0.01508 0.75168,"(Binary data 32 bytes, use -b option to extract)","(Binary data 32 bytes, use -b option to extract)",10237.324960583,1.78,3593 2003,7.196779,6.99708454810496,0.0003070310101,2024:03:24 18:40:31.242,2024:03:24 18:40:31.242,None,0.00429411141487552,41.1121251650935,48,6.15679822291157,13.9769386767044,iPhone 14 Pro back triple camera 6.86mm f/1.78
image_data/flickr_53658993384.jpg,12.85,flickr_53658993384.jpg,image_data,8035027,2024:04:16 21:12:29+02:00,2024:07:24 10:56:42+02:00,2024:07:24 10:56:39+02:00,100666,JPEG,JPG,image/jpeg,MM,4032,3024,0,8,3,2 2,1 1,0,72,72,Apple,iPhone 14 Pro,1,72,72,2,Snapseed 2.24.554500229,2024:03:21 10:06:33,iPhone 14 Pro,None,0.001333333333,1.78,2,80,0232,2024:03:21 10:06:33,2024:03:21 10:06:33,+01:00,+01:00,+01:00,1 2 3 0,0.00133300000576111,1.78000000038041,7.098892739,0,5,16,6.86,2009 1505 2208 1324,471,471,0100,65535,4032,3024,2,1,0,0,24,0,2.220000029 9 1.779999971 2.8,Apple,iPhone 14 Pro back triple camera 6.86mm f/1.78,2,None,None,None,None,None,None,None,None,None,None,None,None,None,None,None,None,None,None,None,None,None,None,None,None,None,None,None,None,None,None,None,None,None,None,None,None,None,None,None,None,None,None,None,None,None,None,None,None,None,None,None,None,None,None,None,None,None,appl,1024,mntr,RGB ,XYZ ,2022:01:01 00:00:00,acsp,APPL,0,APPL,,0 0,0,0.9642 1 0.82491,appl,236 253 163 142 56 133 71 195 109 180 189 79 122 218 24 47,Display P3,"Copyright Apple Inc., 2022",0.96419 1 0.82489,0.51512 0.2412 -0.00105,0.29198 0.69225 0.04189,0.1571 0.06657 0.78407,"(Binary data 32 bytes, use -b option to extract)",1.04788 0.02292 -0.0502 0.02959 0.99048 -0.01706 -0.00923 0.01508 0.75168,"(Binary data 32 bytes, use -b option to extract)","(Binary data 32 bytes, use -b option to extract)",None,1.78,4032 3024,12.192768,3.49854227405248,0.001333333333,2024:03:21 10:06:33.471+01:00,2024:03:21 10:06:33.471+01:00,2024:03:21 10:06:33+01:00,0.00858822282975103,73.7398575770811,24,3.07839911145579,11.5364293630146,iPhone 14 Pro back triple camera 6.86mm f/1.78
image_data/flickr_53659221235.jpg,12.85,flickr_53659221235.jpg,image_data,2480730,2024:04:16 22:09:14+02:00,2024:07:24 10:56:42+02:00,2024:07:24 10:56:39+02:00,100666,JPEG,JPG,image/jpeg,MM,3024,4032,0,8,3,2 2,1 1,0,72,72,Apple,iPhone 14 Pro Max,1,72,72,2,17.0,2023:09:23 18:12:56,iPhone 14 Pro Max,None,0.03333333333,1.78,2,1250,0232,2023:09:23 18:12:56,2023:09:23 18:12:56,+03:00,+03:00,+03:00,1 2 3 0,0.0332439999446947,1.78000000038041,-2.386171279,0,5,16,6.86,2011 1508 2323 1330,959,959,0100,65535,3024,4032,2,1,0,0,24,0,2.220000029 9 1.779999971 2.8,Apple,iPhone 14 Pro Max back triple camera 6.86mm f/1.78,2,None,None,None,None,14,1,115002709525250,1000000000,0,1,93,94,1,-0.000914378267 0.9694813497 -0.1099134982,0.12890625 0.53515625,12,4202500,None,0,0.7432090045,22 268435573,26.42378616,BD380E3B-1DA6-4D69-9330-BD342E75399A,4742,1,184,0.004581404385,"{_0=1,_1=0,_2=0,_3=0}",None,None,None,None,None,None,None,None,None,None,None,None,None,None,None,None,None,None,None,None,None,None,None,None,None,None,None,None,None,appl,1024,mntr,RGB ,XYZ ,2022:01:01 00:00:00,acsp,APPL,0,APPL,,0 0,0,0.9642 1 0.82491,appl,236 253 163 142 56 133 71 195 109 180 189 79 122 218 24 47,Display P3,"Copyright Apple Inc., 2022",0.96419 1 0.82489,0.51512 0.2412 -0.00105,0.29198 0.69225 0.04189,0.1571 0.06657 0.78407,"(Binary data 32 bytes, use -b option to extract)",1.04788 0.02292 -0.0502 0.02959 0.99048 -0.01706 -0.00923 0.01508 0.75168,"(Binary data 32 bytes, use -b option to extract)","(Binary data 32 bytes, use -b option to extract)",115002.70952525,1.78,3024 4032,12.192768,3.49854227405248,0.03333333333,2023:09:23 18:12:56.959+03:00,2023:09:23 18:12:56.959+03:00,2023:09:23 18:12:56+03:00,0.00858822282975103,73.7398575770811,24,3.07839911145579,2.92678888836141,iPhone 14 Pro Max back triple camera 6.86mm f/1.78
image_data/flickr_53659374546.jpg,12.85,flickr_53659374546.jpg,image_data,727770,2024:04:17 05:12:49+02:00,2024:07:24 10:56:42+02:00,2024:07:24 10:56:40+02:00,100666,JPEG,JPG,image/jpeg,MM,2770,2335,0,8,3,1 1,None,None,None,None,None,None,None,None,None,None,None,None,None,None,None,None,None,None,None,None,None,None,None,None,None,None,None,None,None,None,None,None,None,None,None,None,None,None,None,None,None,None,None,None,None,None,None,None,None,None,None,None,None,None,None,None,None,None,None,None,None,None,None,None,None,None,None,None,None,None,None,None,None,None,None,None,None,None,None,None,None,None,None,None,None,None,None,None,None,None,None,None,None,None,None,None,None,None,None,None,None,None,None,None,None,None,Lino,528,mntr,RGB ,XYZ ,1998:02:09 06:49:00,acsp,MSFT,0,IEC ,sRGB,0 0,0,0.9642 1 0.82491,HP  ,0 0 0 0 0 0 0 0 0 0 0 0 0 0 0 0,sRGB IEC61966-2.1,Copyright (c) 1998 Hewlett-Packard Company,0.95045 1 1.08905,0.43607 0.22249 0.01392,0.38515 0.71687 0.09708,0.14307 0.06061 0.7141,"(Binary data 2060 bytes, use -b option to extract)",None,"(Binary data 2060 bytes, use -b option to extract)","(Binary data 2060 bytes, use -b option to extract)",None,None,2770 2335,6.46795,None,None,None,None,None,None,None,None,None,None,None
image_data/flickr_53659402741.jpg,12.85,flickr_53659402741.jpg,image_data,618682,2024:04:17 05:36:27+02:00,2024:07:24 10:56:42+02:00,2024:07:24 10:56:40+02:00,100666,JPEG,JPG,image/jpeg,MM,2000,1500,0,8,3,1 1,None,None,None,None,None,None,None,None,None,None,None,None,None,None,None,None,None,None,None,None,None,None,None,None,None,None,None,None,None,None,None,None,None,None,None,None,None,None,None,None,None,None,None,None,None,None,None,None,None,None,None,None,None,None,None,None,None,None,None,None,None,None,None,None,None,None,None,None,None,None,None,None,None,None,None,None,None,None,None,None,None,None,None,None,None,None,None,None,None,None,None,None,None,None,None,None,None,None,None,None,None,None,None,None,None,None,lcms,1072,mntr,RGB ,XYZ ,2024:04:17 02:47:19,acsp,APPL,0,,,0 0,0,0.9642 1 0.82491,lcms,0 0 0 0 0 0 0 0 0 0 0 0 0 0 0 0,sRGB IEC61966-2.1,"No copyright, use freely",0.9642 1 0.82491,0.43604 0.22249 0.01392,0.38512 0.7169 0.09706,0.14305 0.06061 0.71391,"(Binary data 32 bytes, use -b option to extract)",1.04788 0.02292 -0.05022 0.02959 0.99048 -0.01707 -0.00925 0.01508 0.75168,"(Binary data 32 bytes, use -b option to extract)","(Binary data 32 bytes, use -b option to extract)",None,None,2000 1500,3.0,None,None,None,None,None,None,None,None,None,None,None
image_data/flickr_53660951348.jpg,12.85,flickr_53660951348.jpg,image_data,2114598,2024:04:17 21:03:34+02:00,2024:07:24 10:56:42+02:00,2024:07:24 10:56:40+02:00,100666,JPEG,JPG,image/jpeg,MM,2307,3460,0,8,3,2 2,1 1,0,72,72,Apple,iPhone 14 Pro,1,72,72,2,Snapseed 2.24.554500229,2024:03:18 16:17:00,iPhone 14 Pro,None,0.001107419712,2.8,2,32,0232,2024:03:18 16:17:00,2024:03:18 16:17:00,+01:00,+01:00,+01:00,None,0.00110699999657979,2.79999999966959,9.368652258,0,5,16,9,1993 1503 2299 1324,773,773,0100,1,2307,3460,2,1,0,0,179,0,2.220000029 9 1.779999971 2.8,Apple,iPhone 14 Pro back triple camera 9mm f/2.8,2,None,None,None,None,None,None,None,None,None,None,None,None,None,None,None,None,None,None,None,None,None,None,None,None,None,None,None,None,None,None,None,None,None,None,None,None,None,None,None,None,None,None,None,None,None,None,None,None,None,None,None,None,None,None,None,None,None,None,None,None,None,None,None,None,None,None,None,None,None,None,None,None,None,None,None,None,None,None,None,None,None,None,None,None,2.8,2307 3460,7.98222,19.8888888888889,0.001107419712,2024:03:18 16:17:00.773+01:00,2024:03:18 16:17:00.773+01:00,2024:03:18 16:17:00+01:00,0.00151070584167486,11.4845762562148,179,19.1490432025466,14.4332920216884,iPhone 14 Pro back triple camera 9mm f/2.8
image_data/flickr_53661615748.jpg,12.85,flickr_53661615748.jpg,image_data,2726251,2024:04:18 04:32:26+02:00,2024:07:24 10:56:42+02:00,2024:07:24 10:56:40+02:00,100666,JPEG,JPG,image/jpeg,MM,4029,2266,0,8,3,2 2,1 1,1,300,300,Apple,iPhone 14 Pro Max,1,72,72,2,17.4,2024:04:11 06:52:59,None,1,0.006896551724,2.8,2,32,0232,2024:04:11 06:52:59,2024:04:11 06:52:59,None,None,None,1 2 3 0,0.00691899894398252,2.79999991524427,6.708193775,0,5,16,9,2011 1518 2323 1333,797,797,0100,1,4032,3024,2,1,0,0,77,0,2.220000029 9 1.779999971 2.8,Apple,iPhone 14 Pro Max back triple camera 9mm f/2.8,None,None,None,None,None,14,1,102675794756791,1000000000,0,1,182,171,1,-1.007892728 -0.01987845637 -0.03871731833,0.2265625 0.125,12,2152734980,None,0,1.099062205,-2582876 268435478,41.14263531,7444CE4C-E9EF-4992-A41D-025F33B131DC,5588,1,73,0,"{_0=1,_1=0,_2=0,_3=0}",XMP Core 6.0.0,2024:04:11 06:52:59,17.4,2024:04:11 06:52:59,None,None,None,None,None,None,None,None,None,None,None,None,None,None,2024:04:11 06:52:59,0100,3,0,0,0,35070,2691181,0,0,"(Binary data 247117 bytes, use -b option to extract)",appl,1024,mntr,RGB ,XYZ ,2022:01:01 00:00:00,acsp,APPL,0,APPL,,0 0,0,0.9642 1 0.82491,appl,236 253 163 142 56 133 71 195 109 180 189 79 122 218 24 47,Display P3,"Copyright Apple Inc., 2022",0.96419 1 0.82489,0.51512 0.2412 -0.00105,0.29198 0.69225 0.04189,0.1571 0.06657 0.78407,"(Binary data 32 bytes, use -b option to extract)",1.04788 0.02292 -0.0502 0.02959 0.99048 -0.01706 -0.00923 0.01508 0.75168,"(Binary data 32 bytes, use -b option to extract)","(Binary data 32 bytes, use -b option to extract)",102675.794756791,2.8,4029 2266,9.129714,8.55555555555556,0.006896551724,2024:04:11 06:52:59.797,2024:04:11 06:52:59.797,None,0.00351190059298441,26.3151077074502,77,8.23729791394464,11.794618934159,iPhone 14 Pro Max back triple camera 9mm f/2.8
image_data/flickr_53662012619.jpg,12.85,flickr_53662012619.jpg,image_data,1289042,2024:04:18 08:45:08+02:00,2024:07:24 10:56:42+02:00,2024:07:24 10:56:40+02:00,100666,JPEG,JPG,image/jpeg,None,3072,2048,0,8,3,1 1,None,None,None,None,None,None,None,None,None,None,None,None,None,None,None,None,None,None,None,None,None,None,None,None,None,None,None,None,None,None,None,None,None,None,None,None,None,None,None,None,None,None,None,None,None,None,None,None,None,None,None,None,None,None,None,None,None,None,None,None,None,None,None,None,None,None,None,None,None,None,None,None,None,None,None,None,None,None,None,None,None,None,None,None,None,None,None,None,None,None,None,None,None,None,None,None,None,None,None,None,None,None,None,None,None,None,lcms,1072,mntr,RGB ,XYZ ,2024:04:18 01:26:13,acsp,APPL,0,,,0 0,0,0.9642 1 0.82491,lcms,0 0 0 0 0 0 0 0 0 0 0 0 0 0 0 0,sRGB IEC61966-2.1,"No copyright, use freely",0.9642 1 0.82491,0.43604 0.22249 0.01392,0.38512 0.7169 0.09706,0.14305 0.06061 0.71391,"(Binary data 32 bytes, use -b option to extract)",1.04788 0.02292 -0.05022 0.02959 0.99048 -0.01707 -0.00925 0.01508 0.75168,"(Binary data 32 bytes, use -b option to extract)","(Binary data 32 bytes, use -b option to extract)",None,None,3072 2048,6.291456,None,None,None,None,None,None,None,None,None,None,None
image_data/flickr_53662098523.jpg,12.85,flickr_53662098523.jpg,image_data,954581,2024:04:18 12:09:44+02:00,2024:07:24 10:56:42+02:00,2024:07:24 10:56:40+02:00,100666,JPEG,JPG,image/jpeg,MM,1611,2075,0,8,3,2 2,None,None,None,None,Apple,iPhone 14 Pro Max,1,72,72,2,17.4.1,2024:04:16 16:04:46,iPhone 14 Pro Max,1,0.0006591957811,1.78,2,80,0232,2024:04:16 16:04:46,2024:04:16 16:04:46,+01:00,+01:00,+01:00,1 2 3 0,0.000659000001971536,1.78000000038041,7.942783046,0,5,16,6.86,2005 1505 1100 659,956,956,0100,65535,1611,2075,2,1,0,0,48,0,2.220000029 6.860000134 1.779999971 2.2,Apple,iPhone 14 Pro Max back dual wide camera 6.86mm f/1.78,None,6,3096,11082,"(Binary data 11082 bytes, use -b option to extract)",14,1,975881033863583,1000000000,0,1,163,128,1,-0.02425367013 -0.9755311014 -0.1586111038,1.53125 0.3046875,1,148,None,0,0,287 268435489,51.27381896,8A7E5A38-C4A1-4CA8-8D2B-4C326E1093A8,5625,1,62,None,"{_0=1,_1=0,_2=0}",None,None,None,None,None,None,None,None,None,None,None,None,None,None,None,None,None,None,None,None,None,None,None,None,None,None,None,None,None,appl,1024,mntr,RGB ,XYZ ,2022:01:01 00:00:00,acsp,APPL,0,APPL,,0 0,0,0.9642 1 0.82491,appl,236 253 163 142 56 133 71 195 109 180 189 79 122 218 24 47,Display P3,"Copyright Apple Inc., 2022",0.96419 1 0.82489,0.51512 0.2412 -0.00105,0.29198 0.69225 0.04189,0.1571 0.06657 0.78407,"(Binary data 32 bytes, use -b option to extract)",1.04788 0.02292 -0.0502 0.02959 0.99048 -0.01706 -0.00923 0.01508 0.75168,"(Binary data 32 bytes, use -b option to extract)","(Binary data 32 bytes, use -b option to extract)",975881.033863583,1.78,1611 2075,3.342825,6.99708454810496,0.0006591957811,2024:04:16 16:04:46.956+01:00,2024:04:16 16:04:46.956+01:00,2024:04:16 16:04:46+01:00,0.00429411141487552,41.1121251650935,48,6.15679822291157,12.5526879476206,iPhone 14 Pro Max back dual wide camera 6.86mm f/1.78
image_data/flickr_53662504246.jpg,12.85,flickr_53662504246.jpg,image_data,1534492,2024:04:18 18:36:38+02:00,2024:07:24 10:56:41+02:00,2024:07:24 10:56:40+02:00,100666,JPEG,JPG,image/jpeg,None,2278,3072,0,8,3,1 1,None,None,None,None,None,None,None,None,None,None,None,None,None,None,None,None,None,None,None,None,None,None,None,None,None,None,None,None,None,None,None,None,None,None,None,None,None,None,None,None,None,None,None,None,None,None,None,None,None,None,None,None,None,None,None,None,None,None,None,None,None,None,None,None,None,None,None,None,None,None,None,None,None,None,None,None,None,None,None,None,None,None,None,None,None,None,None,None,None,None,None,None,None,None,None,None,None,None,None,None,None,None,None,None,None,None,Lino,528,mntr,RGB ,XYZ ,1998:02:09 06:49:00,acsp,MSFT,0,IEC ,sRGB,0 0,1,0.9642 1 0.82491,HP  ,0 0 0 0 0 0 0 0 0 0 0 0 0 0 0 0,sRGB IEC61966-2.1,Copyright (c) 1998 Hewlett-Packard Company,0.95045 1 1.08905,0.43607 0.22249 0.01392,0.38515 0.71687 0.09708,0.14307 0.06061 0.7141,"(Binary data 2060 bytes, use -b option to extract)",None,"(Binary data 2060 bytes, use -b option to extract)","(Binary data 2060 bytes, use -b option to extract)",None,None,2278 3072,6.998016,None,None,None,None,None,None,None,None,None,None,None
image_data/flickr_53664309642.jpg,12.85,flickr_53664309642.jpg,image_data,1747108,2024:04:20 01:04:18+02:00,2024:07:24 10:56:41+02:00,2024:07:24 10:56:40+02:00,100666,JPEG,JPG,image/jpeg,MM,1500,2000,0,8,3,1 1,None,None,None,None,None,None,None,None,None,None,None,None,None,None,None,None,None,None,None,None,None,None,None,None,None,None,None,None,None,None,None,None,None,None,None,None,None,None,None,None,None,None,None,None,None,None,None,None,None,None,None,None,None,None,None,None,None,None,None,None,None,None,None,None,None,None,None,None,None,None,None,None,None,None,None,None,None,None,None,None,None,None,None,None,None,None,None,None,None,None,None,None,None,None,None,None,None,None,None,None,None,None,None,None,None,None,lcms,1024,mntr,RGB ,XYZ ,2022:01:01 00:00:00,acsp,APPL,0,APPL,,0 0,0,0.9642 1 0.82491,lcms,236 253 163 142 56 133 71 195 109 180 189 79 122 218 24 47,Display P3,"Copyright Apple Inc., 2022",0.96419 1 0.82489,0.51512 0.2412 -0.00105,0.29198 0.69225 0.04189,0.1571 0.06657 0.78407,"(Binary data 32 bytes, use -b option to extract)",1.04788 0.02292 -0.0502 0.02959 0.99048 -0.01706 -0.00923 0.01508 0.75168,"(Binary data 32 bytes, use -b option to extract)","(Binary data 32 bytes, use -b option to extract)",None,None,1500 2000,3.0,None,None,None,None,None,None,None,None,None,None,None
image_data/flickr_53664612932.jpg,12.85,flickr_53664612932.jpg,image_data,1441537,2024:04:20 05:06:27+02:00,2024:07:24 10:56:41+02:00,2024:07:24 10:56:40+02:00,100666,JPEG,JPG,image/jpeg,MM,2807,3743,0,8,3,1 1,None,None,None,None,None,None,None,None,None,None,None,None,None,None,None,None,None,None,None,None,None,None,None,None,None,None,None,None,None,None,None,None,None,None,None,None,None,None,None,None,None,None,None,None,None,None,None,None,None,None,None,None,None,None,None,None,None,None,None,None,None,None,None,None,None,None,None,None,None,None,None,None,None,None,None,None,None,None,None,None,None,None,None,None,None,None,None,None,None,None,None,None,None,None,None,None,None,None,None,None,None,None,None,None,None,None,lcms,1024,mntr,RGB ,XYZ ,2022:01:01 00:00:00,acsp,APPL,0,APPL,,0 0,0,0.9642 1 0.82491,lcms,236 253 163 142 56 133 71 195 109 180 189 79 122 218 24 47,Display P3,"Copyright Apple Inc., 2022",0.96419 1 0.82489,0.51512 0.2412 -0.00105,0.29198 0.69225 0.04189,0.1571 0.06657 0.78407,"(Binary data 32 bytes, use -b option to extract)",1.04788 0.02292 -0.0502 0.02959 0.99048 -0.01706 -0.00923 0.01508 0.75168,"(Binary data 32 bytes, use -b option to extract)","(Binary data 32 bytes, use -b option to extract)",None,None,2807 3743,10.506601,None,None,None,None,None,None,None,None,None,None,None
image_data/flickr_53665573307.jpg,12.85,flickr_53665573307.jpg,image_data,1438803,2024:04:20 17:59:28+02:00,2024:07:24 10:56:41+02:00,2024:07:24 10:56:40+02:00,100666,JPEG,JPG,image/jpeg,MM,4032,3024,0,8,3,1 1,None,None,None,None,None,None,None,None,None,None,None,None,None,None,None,None,None,None,None,None,None,None,None,None,None,None,None,None,None,None,None,None,None,None,None,None,None,None,None,None,None,None,None,None,None,None,None,None,None,None,None,None,None,None,None,None,None,None,None,None,None,None,None,None,None,None,None,None,None,None,None,None,None,None,None,None,None,None,None,None,None,None,None,None,None,None,None,None,None,None,None,None,None,None,None,None,None,None,None,None,None,None,None,None,None,None,ADBE,528,mntr,RGB ,XYZ ,1999:06:03 00:00:00,acsp,APPL,0,none,,0 0,0,0.9642 1 0.82491,ADBE,0 0 0 0 0 0 0 0 0 0 0 0 0 0 0 0,Adobe RGB (1998),Copyright 1999 Adobe Systems Incorporated,0.95045 1 1.08905,0.60974 0.31111 0.01947,0.20528 0.62567 0.06087,0.14919 0.06322 0.74457,"(Binary data 14 bytes, use -b option to extract)",None,"(Binary data 14 bytes, use -b option to extract)","(Binary data 14 bytes, use -b option to extract)",None,None,4032 3024,12.192768,None,None,None,None,None,None,None,None,None,None,None
image_data/flickr_53665696153.jpg,12.85,flickr_53665696153.jpg,image_data,3455959,2024:04:20 05:09:28+02:00,2024:07:24 10:56:41+02:00,2024:07:24 10:56:40+02:00,100666,JPEG,JPG,image/jpeg,MM,3798,2136,0,8,3,2 2,1 1,0,72,72,Apple,iPhone 14 Pro Max,1,72,72,2,Snapseed 2.24.554500229,2024:04:19 20:19:36,iPhone 14 Pro Max,None,0.0101010101,2.2,2,50,0232,2024:04:19 20:19:36,2024:04:19 20:19:36,-04:00,-04:00,-04:00,1 2 3 0,0.0100889999935414,2.20000000038133,5.312942041,0,5,16,2.22,2008 1512 2320 1331,756,756,0100,1,3798,2136,2,1,0,0,16,0,2.220000029 9 1.779999971 2.8,Apple,iPhone 14 Pro Max back triple camera 2.22mm f/2.2,2,None,None,None,None,None,None,None,None,None,None,None,None,None,None,None,None,None,None,None,None,None,None,None,None,None,None,None,None,None,None,None,None,None,None,None,None,None,None,None,None,None,None,None,None,None,None,None,None,None,None,None,None,None,None,None,None,None,None,None,None,None,None,None,None,None,None,None,None,None,None,None,None,None,None,None,None,None,None,None,None,None,None,None,None,2.2,3798 2136,8.112528,7.20720720720721,0.0101010101,2024:04:19 20:19:36.756-04:00,2024:04:19 20:19:36.756-04:00,2024:04:19 20:19:36-04:00,0.00416891866225524,96.7330030337318,16,0.537353208270549,9.90436366772375,iPhone 14 Pro Max back triple camera 2.22mm f/2.2
image_data/flickr_53665995090.jpg,12.85,flickr_53665995090.jpg,image_data,2143026,2024:04:20 05:51:32+02:00,2024:07:24 10:56:41+02:00,2024:07:24 10:56:40+02:00,100666,JPEG,JPG,image/jpeg,MM,2688,3697,0,8,3,1 1,None,None,None,None,None,None,None,None,None,None,None,None,None,None,None,None,None,None,None,None,None,None,None,None,None,None,None,None,None,None,None,None,None,None,None,None,None,None,None,None,None,None,None,None,None,None,None,None,None,None,None,None,None,None,None,None,None,None,None,None,None,None,None,None,None,None,None,None,None,None,None,None,None,None,None,None,None,None,None,None,None,None,None,None,None,None,None,None,None,None,None,None,None,None,None,None,None,None,None,None,None,None,None,None,None,None,Lino,528,mntr,RGB ,XYZ ,1998:02:09 06:49:00,acsp,MSFT,0,IEC ,sRGB,0 0,0,0.9642 1 0.82491,HP  ,0 0 0 0 0 0 0 0 0 0 0 0 0 0 0 0,sRGB IEC61966-2.1,Copyright (c) 1998 Hewlett-Packard Company,0.95045 1 1.08905,0.43607 0.22249 0.01392,0.38515 0.71687 0.09708,0.14307 0.06061 0.7141,"(Binary data 2060 bytes, use -b option to extract)",None,"(Binary data 2060 bytes, use -b option to extract)","(Binary data 2060 bytes, use -b option to extract)",None,None,2688 3697,9.937536,None,None,None,None,None,None,None,None,None,None,None
image_data/flickr_53666272423.jpg,12.85,flickr_53666272423.jpg,image_data,7461804,2024:04:20 14:14:33+02:00,2024:07:24 10:56:41+02:00,2024:07:24 10:56:40+02:00,100666,JPEG,JPG,image/jpeg,MM,3024,4032,0,8,3,1 1,None,None,None,None,None,None,None,None,None,None,None,None,None,None,None,None,None,None,None,None,None,None,None,None,None,None,None,None,None,None,None,None,None,None,None,None,None,None,None,None,None,None,None,None,None,None,None,None,None,None,None,None,None,None,None,None,None,None,None,None,None,None,None,None,None,None,None,None,None,None,None,None,None,None,None,None,None,None,None,None,None,None,None,None,None,None,None,None,None,None,None,None,None,None,None,None,None,None,None,None,None,None,None,None,None,None,appl,528,mntr,RGB ,XYZ ,2016:04:05 15:44:16,acsp,APPL,0,,,0 0,0,0.9642 1 0.82491,appl,0 0 0 0 0 0 0 0 0 0 0 0 0 0 0 0,Color LCD Calibrated,"Copyright Apple Inc., 2016",0.94955 1 1.08902,0.44434 0.22476 0.00548,0.37944 0.72617 0.07797,0.14041 0.04907 0.74146,"(Binary data 2060 bytes, use -b option to extract)",1.04861 0.02332 -0.05034 0.03018 0.99002 -0.01714 -0.00922 0.01503 0.75172,"(Binary data 2060 bytes, use -b option to extract)","(Binary data 2060 bytes, use -b option to extract)",None,None,3024 4032,12.192768,None,None,None,None,None,None,None,None,None,None,None
image_data/flickr_53666290581.jpg,12.85,flickr_53666290581.jpg,image_data,3147586,2024:04:20 16:34:57+02:00,2024:07:24 10:56:41+02:00,2024:07:24 10:56:40+02:00,100666,JPEG,JPG,image/jpeg,MM,4032,3024,0,8,3,2 2,None,None,None,None,None,None,None,None,None,None,None,None,None,None,None,None,None,None,None,None,None,None,None,None,None,None,None,None,None,None,None,None,None,None,None,None,None,None,None,None,None,None,None,None,None,None,None,None,None,None,None,None,None,None,None,None,None,None,None,None,None,None,None,None,None,None,None,None,None,None,None,None,None,None,None,None,None,None,None,None,None,None,None,None,None,None,None,None,None,None,None,None,None,None,None,None,None,None,None,None,None,None,None,None,None,None,appl,1024,mntr,RGB ,XYZ ,2022:01:01 00:00:00,acsp,APPL,0,APPL,,0 0,0,0.9642 1 0.82491,appl,236 253 163 142 56 133 71 195 109 180 189 79 122 218 24 47,Display P3,"Copyright Apple Inc., 2022",0.96419 1 0.82489,0.51512 0.2412 -0.00105,0.29198 0.69225 0.04189,0.1571 0.06657 0.78407,"(Binary data 32 bytes, use -b option to extract)",1.04788 0.02292 -0.0502 0.02959 0.99048 -0.01706 -0.00923 0.01508 0.75168,"(Binary data 32 bytes, use -b option to extract)","(Binary data 32 bytes, use -b option to extract)",None,None,4032 3024,12.192768,None,None,None,None,None,None,None,None,None,None,None
image_data/flickr_53667119892.jpg,12.85,flickr_53667119892.jpg,image_data,6605984,2024:04:21 10:48:37+02:00,2024:07:24 10:56:41+02:00,2024:07:24 10:56:40+02:00,100666,JPEG,JPG,image/jpeg,None,6144,3011,0,8,3,2 2,None,None,None,None,None,None,None,None,None,None,None,None,None,None,None,None,None,None,None,None,None,None,None,None,None,None,None,None,None,None,None,None,None,None,None,None,None,None,None,None,None,None,None,None,None,None,None,None,None,None,None,None,None,None,None,None,None,None,None,None,None,None,None,None,None,None,None,None,None,None,None,None,None,None,None,None,None,None,None,None,None,None,None,None,None,None,None,None,None,None,None,None,None,None,None,None,None,None,None,None,None,None,None,None,None,None,appl,1024,mntr,RGB ,XYZ ,2022:01:01 00:00:00,acsp,APPL,0,APPL,,0 0,0,0.9642 1 0.82491,appl,236 253 163 142 56 133 71 195 109 180 189 79 122 218 24 47,Display P3,"Copyright Apple Inc., 2022",0.96419 1 0.82489,0.51512 0.2412 -0.00105,0.29198 0.69225 0.04189,0.1571 0.06657 0.78407,"(Binary data 32 bytes, use -b option to extract)",1.04788 0.02292 -0.0502 0.02959 0.99048 -0.01706 -0.00923 0.01508 0.75168,"(Binary data 32 bytes, use -b option to extract)","(Binary data 32 bytes, use -b option to extract)",None,None,6144 3011,18.499584,None,None,None,None,None,None,None,None,None,None,None
image_data/flickr_53668921743.jpg,12.85,flickr_53668921743.jpg,image_data,6004891,2024:04:21 18:09:04+02:00,2024:07:24 10:56:41+02:00,2024:07:24 10:56:40+02:00,100666,JPEG,JPG,image/jpeg,MM,3609,2707,0,8,3,1 1,None,None,None,None,None,None,None,None,None,None,None,None,None,None,None,None,None,None,None,None,None,None,None,None,None,None,None,None,None,None,None,None,None,None,None,None,None,None,None,None,None,None,None,None,None,None,None,None,None,None,None,None,None,None,None,None,None,None,None,None,None,None,None,None,None,None,None,None,None,None,None,None,None,None,None,None,None,None,None,None,None,None,None,None,None,None,None,None,None,None,None,None,None,None,None,None,None,None,None,None,None,None,None,None,None,None,,1072,mntr,RGB ,XYZ ,2016:01:01 00:00:00,acsp,,0,,,0 0,1,0.9642 1 0.82491,,0 0 0 0 0 0 0 0 0 0 0 0 0 0 0 0,sRGB,Google Inc. 2016,0.9642 1 0.82491,0.43607 0.22249 0.01392,0.38515 0.71687 0.09708,0.14307 0.06061 0.7141,"(Binary data 40 bytes, use -b option to extract)",None,"(Binary data 40 bytes, use -b option to extract)","(Binary data 40 bytes, use -b option to extract)",None,None,3609 2707,9.769563,None,None,None,None,None,None,None,None,None,None,None
image_data/flickr_53668985028.jpg,12.85,flickr_53668985028.jpg,image_data,3295548,2024:04:21 18:27:54+02:00,2024:07:24 10:56:41+02:00,2024:07:24 10:56:38+02:00,100666,JPEG,JPG,image/jpeg,MM,4030,2488,0,8,3,2 2,1 1,1,300,300,Apple,iPhone 14 Pro Max,1,72,72,2,17.4.1,2024:04:21 15:27:50,iPhone 14 Pro Max,1,0.0001509889778,1.78,2,80,0232,2024:04:21 15:27:50,2024:04:21 15:27:50,+01:00,+01:00,+01:00,1 2 3 0,0.000150999998953253,1.78000000038041,10.30819197,0,5,16,6.86,2009 1505 2208 1324,904,904,0100,65535,4030,2488,2,1,0,0,24,0,2.220000029 9 1.779999971 2.8,Apple,iPhone 14 Pro Max back triple camera 6.86mm f/1.78,2,6,2786,8134,"(Binary data 8134 bytes, use -b option to extract)",14,1,95756714275666,1000000000,0,1,185,189,1,-1.014618755 -0.04202295096 -0.05824032054,0.47265625 0.46484375,12,5251076,None,0,1.568873048,175 268435489,64.91611479,48C9ABFE-6C9A-4DF8-B5EE-2DDCC75B9DB3,5483,1,40,0.003868671831,"{_0=1,_1=0,_2=0,_3=0}",None,None,None,None,None,None,None,None,None,None,None,None,None,None,None,None,None,None,None,0100,2,0,0,0,278707,3016841,0,0,"(Binary data 278707 bytes, use -b option to extract)",appl,1024,mntr,RGB ,XYZ ,2022:01:01 00:00:00,acsp,APPL,0,APPL,,0 0,0,0.9642 1 0.82491,appl,236 253 163 142 56 133 71 195 109 180 189 79 122 218 24 47,Display P3,"Copyright Apple Inc., 2022",0.96419 1 0.82489,0.51512 0.2412 -0.00105,0.29198 0.69225 0.04189,0.1571 0.06657 0.78407,"(Binary data 32 bytes, use -b option to extract)",1.04788 0.02292 -0.0502 0.02959 0.99048 -0.01706 -0.00923 0.01508 0.75168,"(Binary data 32 bytes, use -b option to extract)","(Binary data 32 bytes, use -b option to extract)",95756.714275666,1.78,4030 2488,10.02664,3.49854227405248,0.0001509889778,2024:04:21 15:27:50.904+01:00,2024:04:21 15:27:50.904+01:00,2024:04:21 15:27:50.904+01:00,0.00858822282975103,73.7398575770811,24,3.07839911145579,14.6789517202081,iPhone 14 Pro Max back triple camera 6.86mm f/1.78
